,bond_id,cfets,broker,cfets-mean,cfets-std,cfets-z-score-c,cfets-z-score,broker-z-score,cfets-p,broker-p,cfets-p-z,broker-p-z,Vol,cfets-zs-grp,broker-zs-grp,cfets-p-z-grp,broker-p-z-grp,Vol-z-grp
0,220220.IB,202560520000.0,2961,2100958705.8823528,12850756116.523327,15.599047984139196,15.62972460764216,14.74991685001005,100,100,100.0,100.0,100.0,,,100.0,100.0,100.0
1,220208.IB,20962500000.0,935,2100958705.8823528,12850756116.523327,1.467737860954791,1.470624270548975,4.513204604749826,90,90,91.47062427054898,94.51320460474983,92.9919144376494,1.956630186878567,2.9211658287224394,91.95663018687857,92.92116582872244,92.4388980078005
2,220025.IB,21004520000.0,439,2100958705.8823528,12850756116.523327,1.471007707461797,1.4739005474388038,2.0070795930770364,90,90,91.4739005474388,92.00707959307704,91.74049007025792,1.9641631831073902,0.740732042347225,91.96416318310739,90.74073204234722,91.3524476127273
3,220008.IB,9283480000.0,207,2100958705.8823528,12850756116.523327,0.558918185746476,0.5600173376159066,0.834859829552667,90,90,90.5600173376159,90.83485982955267,90.69743858358429,-0.13708741465292332,-0.27914827708634293,89.86291258534708,89.72085172291365,89.79188215413036
4,220410.IB,9437000000.0,151,2100958705.8823528,12850756116.523327,0.5708645645126722,0.5719872097750334,0.5519102314605778,90,90,90.57198720977503,90.55191023146058,90.5619487206178,-0.10956562547993497,-0.5253262852254801,89.89043437452007,89.47467371477453,89.6825540446473
5,220215.IB,7042500000.0,170,2100958705.8823528,12850756116.523327,0.38453311613033264,0.38528932751194683,0.6479109879561081,90,90,90.38528932751194,90.64791098795611,90.51660015773402,-0.5388316766440868,-0.44180160389255857,89.4611683233559,89.55819839610744,89.50968335973167
6,210203.IB,9390000000.0,229,2100958705.8823528,12850756116.523327,0.5672071921702333,0.5683226449529974,0.946018600231702,90,90,90.568322644953,90.9460186002317,90.75717062259235,-0.11799139470303588,-0.1824354881745391,89.88200860529696,89.81756451182547,89.84978655856122
7,220311.IB,6109900000.0,326,2100958705.8823528,12850756116.523327,0.31196151088440666,0.3125750051070379,1.4361277254983564,90,90,90.31257500510704,91.43612772549835,90.87435136530269,-0.7060204506326807,0.24397999020932337,89.29397954936732,90.24397999020933,89.76897976978833
8,220210.IB,6110000000.0,202,2100958705.8823528,12850756116.523327,0.31196929252768846,0.3125828020534677,0.8095964725801591,90,90,90.31258280205347,90.80959647258015,90.56108963731681,-0.706002523464121,-0.3011284563844802,89.29399747653588,89.69887154361552,89.4964345100757
9,220019.IB,3897200000.0,142,2100958705.8823528,12850756116.523327,0.1397770899883521,0.14005197145344359,0.5064361889100635,85,85,85.14005197145345,85.50643618891006,85.32324408018175,0.30718250426944793,2.5224866080764294,85.30718250426945,87.52248660807643,86.41483455617293
10,220205.IB,5361000000.0,117,2100958705.8823528,12850756116.523327,0.2536847843471195,0.25418367329378855,0.3801194040475237,90,85,90.2541836732938,85.38011940404752,87.81715153867066,-0.8402770159769419,1.5638416644915338,89.15972298402306,86.56384166449153,87.86178232425729
11,230203.IB,4330000000.0,144,2100958705.8823528,12850756116.523327,0.17345604211191715,0.1737971556018937,0.5165415316990667,85,90,85.17379715560189,90.51654153169906,87.84516934365047,0.7573708651797637,-0.5560985362428722,85.75737086517977,89.44390146375713,87.60063616446845
12,220017.IB,4855000000.0,144,2100958705.8823528,12850756116.523327,0.2143096693412879,0.2147311243586782,0.5165415316990667,85,90,85.21473112435868,90.51654153169906,87.86563632802887,1.3034634933634879,-0.5560985362428722,86.3034634933635,89.44390146375713,87.87368247856031
13,220203.IB,5077700000.0,155,2100958705.8823528,12850756116.523327,0.2316393889298229,0.23209492405798468,0.5721209170385841,85,90,85.23209492405799,90.57212091703859,87.90210792054829,1.5351107853568504,-0.5077421417869703,86.53511078535685,89.49225785821302,88.01368432178494
14,220028.IB,6287150000.0,82,2100958705.8823528,12850756116.523327,0.3257544736013704,0.3263950926539713,0.20327590523996797,90,85,90.32639509265397,85.20327590523996,87.76483549894697,-0.6742445443604544,0.22173874347268013,89.32575545563955,85.22173874347268,87.27374709955612
15,220026.IB,4031130000.0,96,2100958705.8823528,12850756116.523327,0.1501990448356466,0.15049442180696004,0.2740133047629903,85,85,85.15049442180695,85.27401330476299,85.21225386328497,0.4464933341602026,0.7585799118802217,85.44649333416021,85.75857991188022,85.60253662302021
16,220016.IB,3805810000.0,104,2100958705.8823528,12850756116.523327,0.13266544619312887,0.13292634211119114,0.314434675919003,85,85,85.13292634211119,85.314434675919,85.2236805090151,0.21212077990809453,1.0653462938273883,85.21212077990809,86.06534629382739,85.63873353686773
17,190203.IB,5010000000.0,100,2100958705.8823528,12850756116.523327,0.2263712164280545,0.22681639132496695,0.2942239903409966,85,85,85.22681639132497,85.294223990341,85.26052019083298,1.464690840732016,0.9119631028538049,86.46469084073202,85.9119631028538,86.18832697179292
18,230002.IB,4411900000.0,144,2100958705.8823528,12850756116.523327,0.179829207959699,0.1801828547279521,0.5165415316990667,85,90,85.18018285472795,90.51654153169906,87.8483621932135,0.8425613151764247,-0.5560985362428722,85.84256131517643,89.44390146375713,87.64323138946678
19,220003.IB,1836460000.0,45,2100958705.8823528,12850756116.523327,-0.02058234577670212,-0.02062282240532982,0.01632706364340908,70,70,69.97937717759467,70.0163270636434,69.99785212061903,1.2461319131734125,1.2543087107772208,71.24613191317341,71.25430871077722,71.25022031197531
20,220012.IB,2749080000.0,49,2100958705.8823528,12850756116.523327,0.050434487141523265,0.050533670102892364,0.03653774922141545,85,85,85.0505336701029,85.03653774922141,85.04353570966215,-0.8870648638644517,-1.043672582059382,84.11293513613555,83.95632741794061,84.03463127703807
21,220010.IB,4130250000.0,79,2100958705.8823528,12850756116.523327,0.1579122096565518,0.15822275510824096,0.1881178910564632,85,85,85.15822275510824,85.18811789105646,85.17317032308236,0.5495956223612897,0.10670135024249265,85.5495956223613,85.10670135024249,85.3281484863019
22,210202.IB,3960000000.0,56,2100958705.8823528,12850756116.523327,0.14466396196931303,0.14494845381139798,0.07190644898292659,85,85,85.1449484538114,85.07190644898293,85.10842745139716,0.3725055843645677,-0.7752519978556113,85.37250558436457,84.2247480021444,84.79862679325448
23,220404.IB,1742000000.0,59,2100958705.8823528,12850756116.523327,-0.02793288602067614,-0.02798781800297908,0.08706446316643136,70,85,69.97201218199702,85.08706446316643,77.52953832258171,0.888179835771166,-0.6602146046254238,70.88817983577117,84.33978539537458,77.61398261557287
24,200203.IB,2419000000.0,54,2100958705.8823528,12850756116.523327,0.024748838997007656,0.02479750932719823,0.06180110619392341,85,85,85.0247975093272,85.06180110619393,85.04329930776056,-1.230406301408992,-0.8519435933424029,83.76959369859101,84.1480564066576,83.9588250526243
25,220411.IB,4820000000.0,43,2100958705.8823528,12850756116.523327,0.2115860941926632,0.21200219310822588,0.006221720854405896,85,70,85.21200219310822,70.00622172085441,77.60911195698131,1.2670573181512397,0.9860073822687244,86.26705731815125,70.98600738226872,78.62653235020998
26,210014.IB,1632250000.0,22,2100958705.8823528,12850756116.523327,-0.03647323952243507,-0.0365449667097545,-0.09988437843012754,70,50,69.96345503329024,49.900115621569874,59.93178532743006,0.4722869658273107,2.2217521935853037,70.47228696582731,52.2217521935853,61.347019579706306
27,220024.IB,1651830000.0,124,2100958705.8823528,12850756116.523327,-0.03494959376786159,-0.03501832459878719,0.41548810380903484,70,85,69.96498167540122,85.41548810380904,77.69023488960514,0.5464845274992988,1.8322622486953046,70.5464845274993,86.8322622486953,78.6893733880973
28,200212.IB,1830000000.0,61,2100958705.8823528,12850756116.523327,-0.021085039932705423,-0.021126505144699017,0.09716980595543455,70,85,69.9788734948553,85.09716980595543,77.53802165040537,1.2216520230609997,-0.5835230091386322,71.221652023061,84.41647699086137,77.81906450696118
29,190204.IB,1800000000.0,43,2100958705.8823528,12850756116.523327,-0.023419532917240894,-0.02346558907365813,0.006221720854405896,70,70,69.97653441092635,70.00622172085441,69.99137806589039,1.1079683228485564,0.9860073822687244,71.10796832284856,70.98600738226872,71.04698785255864
30,220022.IB,2295290000.0,48,2100958705.8823528,12850756116.523327,0.015122168093111552,0.015151906898813836,0.03148507782691386,85,70,85.01515190689881,70.03148507782691,77.52331849236286,-1.3590865281377702,1.6567607035399654,83.64091347186223,71.65676070353996,77.6488370877011
31,220407.IB,1740000000.0,69,2100958705.8823528,12850756116.523327,-0.028088518886311836,-0.028143756931576357,0.13759117711144728,70,85,69.97185624306843,85.13759117711145,77.55472371008995,0.8806009224236697,-0.2767566271914656,70.88060092242367,84.72324337280854,77.8019221476161
32,190208.IB,1310000000.0,29,2100958705.8823528,12850756116.523327,-0.06154958499798692,-0.061670626579990305,-0.06451567866861639,70,70,69.93832937342,69.93548432133139,69.9369068473757,-0.7488654472880184,-0.8921019172907503,69.25113455271199,69.10789808270926,69.17951631771062
33,210005.IB,2482120000.0,75,2100958705.8823528,12850756116.523327,0.029660612236470287,0.029718941913728203,0.16790720547845683,85,85,85.02971894191373,85.16790720547846,85.09881307369609,-1.1647503648547888,-0.04668184073109064,83.83524963514522,84.9533181592689,84.39428389720706
34,220216.IB,2620000000.0,34,2100958705.8823528,12850756116.523327,0.04038994199339531,0.04046937165122429,-0.039252321696108435,85,70,85.04046937165123,69.96074767830389,77.50060852497757,-1.0213308380472232,-0.22134859601950932,83.97866916195278,69.77865140398049,76.87866028296664
35,220406.IB,1725000000.0,27,2100958705.8823528,12850756116.523327,-0.029255765378579573,-0.02931329889605591,-0.07462102145761958,70,70,69.97068670110394,69.92537897854238,69.94803283982316,0.823759072317448,-1.1604032457992466,70.82375907231744,68.83959675420076,69.8316779132591
36,220023.IB,3693000000.0,12,2100958705.8823528,12850756116.523327,0.12388697440694732,0.12413060684366188,-0.15041109237514347,85,50,85.12413060684366,49.849588907624856,67.48685975723426,0.09477847631684518,0.7339346004249246,85.09477847631685,50.733934600424924,67.91435653837088
37,220027.IB,1685490000.0,48,2100958705.8823528,12850756116.523327,-0.03233029263921279,-0.03239387243049506,0.03148507782691386,70,70,69.96760612756951,70.03148507782691,69.99954560269822,0.6740376391376601,1.6567607035399654,70.67403763913767,71.65676070353996,71.1653991713388
38,220004.IB,2568790000.0,7,2100958705.8823528,12850756116.523327,0.03640496246879326,0.03647655538449108,-0.17567444934765142,85,50,85.0364765553845,49.82432555065235,67.43040105301841,-1.0745982732649157,-0.00997419615526507,83.92540172673509,49.99002580384474,66.95771376528991
39,220322.IB,1390000000.0,48,2100958705.8823528,12850756116.523327,-0.055324270372559,-0.05543306943609934,0.03148507782691386,70,70,69.9445669305639,70.03148507782691,69.9880260041954,-0.4457089133881694,1.6567607035399654,69.55429108661183,71.65676070353996,70.60552589507589
40,210406.IB,1440000000.0,39,2100958705.8823528,12850756116.523327,-0.051433448731666546,-0.05153459622116748,-0.013988964723600473,70,70,69.94846540377883,69.9860110352764,69.96723821952762,-0.25623607970076384,0.44940472525173164,69.74376392029923,70.44940472525172,70.09658432277547
41,210207.IB,2600000000.0,56,2100958705.8823528,12850756116.523327,0.03883361333703833,0.03890998236525155,0.07190644898292659,85,85,85.03890998236525,85.07190644898293,85.05540821567409,-1.0421343667399368,-0.7752519978556113,83.95786563326007,84.2247480021444,84.09130681770223
42,220206.IB,910000000.0,49,2100958705.8823528,12850756116.523327,-0.09267615812512653,-0.09285841229944514,0.03653774922141545,50,85,49.90714158770056,85.03653774922141,67.47183966846099,1.858540937816637,-1.043672582059382,51.858540937816635,83.95632741794061,67.90743417787863
43,220202.IB,938000000.0,30,2100958705.8823528,12850756116.523327,-0.09049729800622676,-0.0906752672990833,-0.0594630072741148,50,70,49.90932473270092,69.94053699272588,59.924930862713396,1.9508820245590224,-0.7579512530365021,51.95088202455902,69.2420487469635,60.59646538576126
44,180205.IB,1110000000.0,5,2100958705.8823528,12850756116.523327,-0.07711287156155673,-0.07726451943971772,-0.1857797921366546,70,50,69.92273548056028,49.81422020786334,59.86847784421181,-1.5067567820376409,-0.30753771478734093,68.49324321796236,49.692462285212656,59.09285275158751
45,190409.IB,1230000000.0,14,2100958705.8823528,12850756116.523327,-0.06777489962341485,-0.06790818372388127,-0.14030574958614028,70,50,69.93209181627611,49.85969425041386,59.89589303334499,-1.0520219811878673,1.0314981190570005,68.94797801881214,51.031498119057,59.98973806893457
46,210218.IB,1030000000.0,37,2100958705.8823528,12850756116.523327,-0.08333818618698464,-0.0835020765836087,-0.024094307512603656,50,70,49.916497923416394,69.9759056924874,59.946201807951894,2.25428845242686,0.18110339674323525,52.25428845242686,70.18110339674324,61.21769592458505
47,092218005.IB,1810000000.0,67,2100958705.8823528,12850756116.523327,-0.022641368589062405,-0.02268589443067176,0.1274858343224441,70,85,69.97731410556933,85.12748583432244,77.5523999699459,1.1458628895860377,-0.3534482226782572,71.14586288958604,84.64655177732175,77.8962073334539
48,200313.IB,2380000000.0,34,2100958705.8823528,12850756116.523327,0.021713998117111544,0.021756700219551384,-0.039252321696108435,85,70,85.02175670021956,69.96074767830389,77.49125218926173,-1.270973182359783,-0.22134859601950932,83.72902681764022,69.77865140398049,76.75383911081036
49,210205.IB,1620000000.0,13,2100958705.8823528,12850756116.523327,-0.03742649082445372,-0.03750009264741281,-0.14535842098064186,70,50,69.9624999073526,49.85464157901936,59.908570743185976,0.4258661215738963,0.8827163597409625,70.42586612157389,50.88271635974096,60.65429124065743
50,220211.IB,1059000000.0,70,2100958705.8823528,12850756116.523327,-0.08108150963526703,-0.08124096211894821,0.14264384850594888,50,85,49.91875903788105,85.14264384850595,67.53070144319351,2.34992743512433,-0.23841082944806977,52.34992743512433,84.76158917055193,68.55575830283813
51,200006.IB,685120000.0,36,2100958705.8823528,12850756116.523327,-0.11017551753720442,-0.11039218543092265,-0.02914697890710525,50,70,49.889607814569075,69.97085302109289,59.930230417830984,1.1169100954370805,0.046952732488987056,51.11691009543708,70.04695273248899,60.581931413963034
52,220308.IB,1000000000.0,14,2100958705.8823528,12850756116.523327,-0.08567267917152012,-0.08584116051256781,-0.14030574958614028,50,50,49.914158839487435,49.85969425041386,49.88692654495065,2.155351573774304,1.0314981190570005,52.155351573774304,51.031498119057,51.59342484641565
53,170215.IB,1550000000.0,29,2100958705.8823528,12850756116.523327,-0.04287364112170315,-0.042957955148317406,-0.06451567866861639,70,70,69.95704204485168,69.93548432133139,69.94626318309153,0.16060415441152848,-0.8921019172907503,70.16060415441153,69.10789808270926,69.6342511185604
54,220315.IB,1640000000.0,56,2100958705.8823528,12850756116.523327,-0.03587016216809674,-0.03594070336144006,0.07190644898292659,70,85,69.96405929663857,85.07190644898293,77.51798287281075,0.5016552550488586,-0.7752519978556113,70.50165525504886,84.2247480021444,77.36320162859663
55,180204.IB,540000000.0,1,2100958705.8823528,12850756116.523327,-0.12146823826773068,-0.12170711408994087,-0.20599047771466097,50,50,49.87829288591006,49.794009522285336,49.836151204097696,0.6383194344351182,-0.9026647520514927,50.63831943443512,49.09733524794851,49.86782734119181
56,200014.IB,6230000000.0,29,2100958705.8823528,12850756116.523327,0.3213072644658303,0.3219391377693042,-0.06451567866861639,90,70,90.3219391377693,69.93548432133139,80.12871172955035,-0.684489921192374,-0.8921019172907503,89.31551007880762,69.10789808270926,79.21170408075844
57,210215.IB,811960000.0,45,2100958705.8823528,12850756116.523327,-0.10030528119858845,-0.10050253857928353,0.01632706364340908,50,70,49.899497461420715,70.0163270636434,59.95791226253206,1.5352152183800856,1.2543087107772208,51.53521521838009,71.25430871077722,61.394761964578656
58,210208.IB,920000000.0,48,2100958705.8823528,12850756116.523327,-0.09189799379694805,-0.09207871765645877,0.03148507782691386,50,70,49.907921282343544,70.03148507782691,59.96970318008523,1.8915198973674892,1.6567607035399654,51.89151989736749,71.65676070353996,61.77414030045372
59,190406.IB,1348300000.0,16,2100958705.8823528,12850756116.523327,-0.058569215621063306,-0.05868439609735251,-0.1302004067971371,70,50,69.94131560390265,49.86979959320286,59.90555759855276,-0.6037292566834657,1.3290616376890763,69.39627074331653,51.32906163768908,60.36266619050281
60,220304.IB,1340000000.0,37,2100958705.8823528,12850756116.523327,-0.05921509201345145,-0.059331542651031195,-0.024094307512603656,70,70,69.94066845734896,69.9759056924874,69.95828707491819,-0.6351817470755751,0.18110339674323525,69.36481825292442,70.18110339674324,69.77296082483383
61,092218001.IB,720000000.0,39,2100958705.8823528,12850756116.523327,-0.10746128036051784,-0.10767261051618619,-0.013988964723600473,50,70,49.89232738948381,69.9860110352764,59.93916921238011,1.231940706350452,0.44940472525173164,51.23194070635045,70.44940472525172,60.84067271580109
62,092202001.IB,600000000.0,10,2100958705.8823528,12850756116.523327,-0.11679925229865973,-0.11702894623202265,-0.16051643516414663,50,50,49.882971053767974,49.83948356483585,49.86122730930191,0.8361931917402294,0.4363710817928487,50.83619319174023,50.43637108179285,50.63628213676654
63,210210.IB,3230000000.0,79,2100958705.8823528,12850756116.523327,0.08785796601228323,0.08803074487339291,0.1881178910564632,85,85,85.0880307448734,85.18811789105646,85.13807431796494,-0.3868232129194677,0.10670135024249265,84.61317678708053,85.10670135024249,84.8599390686615
64,190215.IB,1110000000.0,9,2100958705.8823528,12850756116.523327,-0.07711287156155673,-0.07726451943971772,-0.16556910655864823,70,50,69.92273548056028,49.83443089344135,59.878583187000814,-1.5067567820376409,0.2875893224768108,68.49324321796236,50.28758932247681,59.39041627021959
65,220006.IB,730770000.0,10,2100958705.8823528,12850756116.523327,-0.10662319737906961,-0.10683287938568987,-0.16051643516414663,50,50,49.89316712061431,49.83948356483585,49.86632534272508,1.2674590457867194,0.4363710817928487,51.26745904578672,50.43637108179285,50.85191506378979
66,200215.IB,591700000.0,26,2100958705.8823528,12850756116.523327,-0.11744512869104788,-0.11767609278570133,-0.07967369285212117,50,70,49.8823239072143,69.92032630714787,59.90132510718109,0.8088206553130224,-1.2945539100534948,50.80882065531302,68.7054460899465,59.75713337262977
67,200003.IB,13360000000.0,26,2100958705.8823528,12850756116.523327,0.8761384304570939,0.8778614182185867,-0.07967369285212117,90,70,90.87786141821859,69.92032630714787,80.39909386268323,0.5937171971205946,-1.2945539100534948,90.5937171971206,68.7054460899465,79.64958164353355
68,230202.IB,670000000.0,49,2100958705.8823528,12850756116.523327,-0.1113521020014103,-0.11157108373111804,0.03653774922141545,50,85,49.88842891626888,85.03653774922141,67.46248333274514,1.0670459085961925,-1.043672582059382,51.06704590859619,83.95632741794061,67.5116866632684
69,200207.IB,730000000.0,42,2100958705.8823528,12850756116.523327,-0.10668311603233936,-0.10689291587319982,0.0011690494599043038,50,70,49.8931070841268,70.0011690494599,59.94713806679335,1.2649196659013038,0.8518567180144763,51.2649196659013,70.85185671801447,61.05838819195789
70,210303.IB,1440000000.0,16,2100958705.8823528,12850756116.523327,-0.051433448731666546,-0.05153459622116748,-0.1302004067971371,70,50,69.94846540377883,49.86979959320286,59.90913249849085,-0.25623607970076384,1.3290616376890763,69.74376392029923,51.32906163768908,60.536412778994155
71,220021.IB,731010000.0,15,2100958705.8823528,12850756116.523327,-0.10660452143519333,-0.1068141667142582,-0.13525307819163868,50,50,49.89318583328574,49.86474692180836,49.87896637754705,1.2682505408159397,1.1802798783730384,51.26825054081594,51.180279878373035,51.22426520959449
72,220412.IB,1330000000.0,36,2100958705.8823528,12850756116.523327,-0.05999325634162994,-0.060111237294017565,-0.02914697890710525,70,70,69.93988876270598,69.97085302109289,69.95537089189943,-0.6730763138130561,0.046952732488987056,69.32692368618694,70.04695273248899,69.68693820933797
73,220401.IB,1370000000.0,40,2100958705.8823528,12850756116.523327,-0.05688059902891598,-0.05699245872207208,-0.00893629332909888,70,70,69.94300754127792,69.9910637066709,69.96703562397441,-0.5214980468631316,0.5835553895059798,69.47850195313687,70.58355538950597,70.03102867132142
74,210011.IB,825800000.0,23,2100958705.8823528,12850756116.523327,-0.09922830176838943,-0.09942344119339039,-0.09483170703562595,50,50,49.90057655880661,49.905168292964376,49.90287242588549,1.5808580983984646,2.370533952901342,51.580858098398465,52.37053395290134,51.9756960256499
75,180211.IB,770000000.0,60,2100958705.8823528,12850756116.523327,-0.1035704587196254,-0.10377413730125433,0.09211713456093296,50,85,49.89622586269875,85.09211713456094,67.49417149862984,1.3968355041047111,-0.621868806882028,51.396835504104715,84.37813119311797,67.88748334861134
76,200202.IB,1138100000.0,26,2100958705.8823528,12850756116.523327,-0.07492622979937517,-0.07507357749292602,-0.07967369285212117,70,70,69.92492642250707,69.92032630714787,69.92262636482747,-1.4002730495053188,-1.2945539100534948,68.59972695049468,68.7054460899465,68.6525865202206
77,230001.IB,3840000000.0,48,2100958705.8823528,12850756116.523327,0.13532599003117113,0.13559211809556154,0.03148507782691386,85,70,85.13559211809556,70.03148507782691,77.58353859796124,0.24768441220828794,1.6567607035399654,85.24768441220829,71.65676070353996,78.45222255787412
78,180023.IB,2207860000.0,6,2100958705.8823528,12850756116.523327,0.008318677371847012,0.008335036635183994,-0.180727120742153,70,50,70.00833503663519,49.819272879257845,59.91380395794651,2.6535361218034614,-0.158755955471303,72.65353612180346,49.8412440445287,61.24739008316608
79,160210.IB,2040000000.0,31,2100958705.8823528,12850756116.523327,-0.004743589040957128,-0.004752917641985228,-0.054410335879613206,70,70,69.99524708235802,69.94558966412039,69.9704183732392,2.0174379245481036,-0.6238005887822539,72.0174379245481,69.37619941121774,70.69681866788292
80,200016.IB,1186500000.0,14,2100958705.8823528,12850756116.523327,-0.07115991445099128,-0.07129985542087199,-0.14030574958614028,70,50,69.92870014457912,49.85969425041386,59.894197197496496,-1.2168633464959102,1.0314981190570005,68.78313665350409,51.031498119057,59.90731738628054
81,220402.IB,255370000.0,4,2100958705.8823528,12850756116.523327,-0.14361712954067504,-0.14389956271326193,-0.19083246353115618,50,50,49.85610043728674,49.80916753646884,49.832633986877795,-0.3003606912607785,-0.45631947410337886,49.69963930873922,49.54368052589662,49.62165991731792
82,150210.IB,1200000000.0,24,2100958705.8823528,12850756116.523327,-0.07010939260795032,-0.07024726765284038,-0.08977903564112436,70,50,69.92975273234715,49.91022096435888,59.91998684835302,-1.1657056814003106,2.51931571221738,68.83429431859969,52.51931571221738,60.67680501540853
83,180210.IB,594400000.0,22,2100958705.8823528,12850756116.523327,-0.1172350243224397,-0.11746557523209501,-0.09988437843012754,50,50,49.882534424767904,49.900115621569874,49.89132502316889,0.8177249743917524,2.2217521935853037,50.81772497439175,52.2217521935853,51.51973858398853
84,190305.IB,1800000000.0,24,2100958705.8823528,12850756116.523327,-0.023419532917240894,-0.02346558907365813,-0.08977903564112436,70,50,69.97653441092635,49.91022096435888,59.94337768764261,1.1079683228485564,2.51931571221738,71.10796832284856,52.51931571221738,61.81364201753297
85,220013.IB,730000000.0,31,2100958705.8823528,12850756116.523327,-0.10668311603233936,-0.10689291587319982,-0.054410335879613206,50,70,49.8931070841268,69.94558966412039,59.919348374123594,1.2649196659013038,-0.6238005887822539,51.2649196659013,69.37619941121774,60.32055953855952
86,200410.IB,1030000000.0,32,2100958705.8823528,12850756116.523327,-0.08333818618698464,-0.0835020765836087,-0.04935766448511161,50,70,49.916497923416394,69.95064233551489,59.933570129465636,2.25428845242686,-0.4896499245280057,52.25428845242686,69.51035007547199,60.88231926394943
87,210012.IB,889730000.0,21,2100958705.8823528,12850756116.523327,-0.09425349721834433,-0.09443885334077852,-0.10493704982462913,50,50,49.905561146659224,49.89506295017537,49.9003120484173,1.7916925868070603,2.072970434269266,51.79169258680706,52.072970434269266,51.93233151053816
88,220005.IB,1096000000.0,19,2100958705.8823528,12850756116.523327,-0.07820230162100661,-0.07835609193989865,-0.1150423926136323,50,50,49.921643908060105,49.88495760738637,49.90330075772324,2.471949585462482,1.77540691563719,52.47194958546248,51.77540691563719,52.12367825054984
89,210009.IB,694640000.0,24,2100958705.8823528,12850756116.523327,-0.1094347050967785,-0.10964991613079962,-0.08977903564112436,50,50,49.8903500838692,49.91022096435888,49.90028552411404,1.1483060649294916,2.51931571221738,51.14830606492949,52.51931571221738,51.83381088857344
90,200017.IB,509800000.0,3,2100958705.8823528,12850756116.523327,-0.12381829453882971,-0.12406179191175971,-0.1958851349256578,50,50,49.87593820808824,49.80411486507434,49.84002653658129,0.5387229765915456,-0.6051012334194168,50.538722976591544,49.39489876658058,49.96681087158606
91,229945.IB,950000000.0,39,2100958705.8823528,12850756116.523327,-0.08956350081241257,-0.08973963372749966,-0.013988964723600473,50,70,49.9102603662725,69.9860110352764,59.94813570077446,1.9904567760200447,0.44940472525173164,51.99045677602005,70.44940472525172,61.21993075063588
92,200305.IB,571000000.0,22,2100958705.8823528,12850756116.523327,-0.11905592885037736,-0.11929006069668312,-0.09988437843012754,50,50,49.880709939303316,49.900115621569874,49.89041278043659,0.740554209042759,2.2217521935853037,50.740554209042756,52.2217521935853,51.48115320131403
93,190006.IB,1435700000.0,6,2100958705.8823528,12850756116.523327,-0.0517680593927833,-0.05186986491765162,-0.180727120742153,70,50,69.94813013508235,49.819272879257845,59.8837015071701,-0.2725307433978807,-0.158755955471303,69.72746925660212,49.8412440445287,59.784356650565414
94,210312.IB,770000000.0,17,2100958705.8823528,12850756116.523327,-0.1035704587196254,-0.10377413730125433,-0.1251477354026355,50,50,49.89622586269875,49.874852264597365,49.885539063648054,1.3968355041047111,1.4778433970051141,51.396835504104715,51.47784339700512,51.437339450554916
95,160205.IB,173000000.0,12,2100958705.8823528,12850756116.523327,-0.15002686911188126,-0.15032190748754068,-0.15041109237514347,50,50,49.84967809251246,49.849588907624856,49.84963350006866,-0.5720083810811454,0.7339346004249246,49.42799161891885,50.733934600424924,50.080963109671885
96,220020.IB,2530000000.0,24,2100958705.8823528,12850756116.523327,0.0333864630397889,0.03345211986434695,-0.08977903564112436,85,50,85.03345211986435,49.91022096435888,67.47183654211162,-1.1149467171644332,2.51931571221738,83.88505328283557,52.51931571221738,68.20218449752647
97,200404.IB,957000000.0,11,2100958705.8823528,12850756116.523327,-0.08901878578268763,-0.0891938474774092,-0.15546376376964505,50,50,49.91080615252259,49.844536236230354,49.877671194376475,2.013542047705641,0.5851528411088867,52.01354204770564,50.585152841108886,51.29934744440726
98,200220.IB,311010000.0,0,2100958705.8823528,12850756116.523327,-0.13928742321868992,-0.1395613417196858,-0.21104314910916255,50,50,49.860438658280316,49.788956850890834,49.82469775458557,-0.11686576031983872,-1.0514465113675306,49.88313423968016,48.94855348863247,49.415843864156315
99,150218.IB,880000000.0,29,2100958705.8823528,12850756116.523327,-0.095010651109662,-0.09519749622840426,-0.06451567866861639,50,70,49.9048025037716,69.93548432133139,59.9201434125515,1.7596040591640818,-0.8921019172907503,51.75960405916408,69.10789808270926,60.433751070936665
100,220011.IB,215880000.0,13,2100958705.8823528,12850756116.523327,-0.1466901004726519,-0.14697857685841512,-0.14535842098064186,50,50,49.853021423141584,49.85464157901936,49.85383150108047,-0.43059460252709253,0.8827163597409625,49.569405397472906,50.88271635974096,50.22606087860693
101,190205.IB,1460000000.0,31,2100958705.8823528,12850756116.523327,-0.04987712007530957,-0.04997520693519474,-0.054410335879613206,70,70,69.9500247930648,69.94558966412039,69.9478072285926,-0.1804469462258016,-0.6238005887822539,69.8195530537742,69.37619941121774,69.59787623249596
102,220408.IB,1280000000.0,42,2100958705.8823528,12850756116.523327,-0.0638840779825224,-0.06400971050894942,0.0011690494599043038,70,70,69.93599028949104,70.0011690494599,69.96857966947547,-0.8625491475004617,0.8518567180144763,69.13745085249954,70.85185671801447,69.99465378525701
103,092218004.IB,260000000.0,12,2100958705.8823528,12850756116.523327,-0.1432568394567284,-0.14353856409355925,-0.15041109237514347,50,50,49.85646143590644,49.849588907624856,49.85302517176565,-0.28509143298873413,0.7339346004249246,49.714908567011264,50.733934600424924,50.2244215837181
104,210213.IB,1480000000.0,12,2100958705.8823528,12850756116.523327,-0.04832079141895258,-0.048415817649222,-0.15041109237514347,70,50,69.95158418235077,49.849588907624856,59.90058654498782,-0.10465781275083935,0.7339346004249246,69.89534218724916,50.733934600424924,60.31463839383704
105,210402.IB,740000000.0,39,2100958705.8823528,12850756116.523327,-0.10590495170416087,-0.10611322123021345,-0.013988964723600473,50,70,49.89388677876978,69.9860110352764,59.939948907023094,1.2978986254521556,0.44940472525173164,51.297898625452156,70.44940472525172,60.87365167535194
106,200307.IB,343500000.0,7,2100958705.8823528,12850756116.523327,-0.136759167316438,-0.13702811382462304,-0.17567444934765142,50,50,49.86297188617538,49.82432555065235,49.84364871841386,-0.009717120739121003,-0.00997419615526507,49.99028287926088,49.99002580384474,49.99015434155281
107,200204.IB,320000000.0,8,2100958705.8823528,12850756116.523327,-0.13858785348765745,-0.13886039623564103,-0.1706217779531498,50,50,49.86113960376436,49.82937822204685,49.84525891290561,-0.08721767568362289,0.13880756316077286,49.912782324316375,50.138807563160775,50.025794943738575
108,180322.IB,220000000.0,0,2100958705.8823528,12850756116.523327,-0.14636949676944236,-0.14665734266550473,-0.21104314910916255,50,50,49.853342657334494,49.788956850890834,49.82114975411267,-0.4170072711921416,-1.0514465113675306,49.58299272880786,48.94855348863247,49.26577310872017
109,210007.IB,792500000.0,18,2100958705.8823528,12850756116.523327,-0.1018195889812238,-0.10201982435453501,-0.1200950640081339,50,50,49.897980175645465,49.87990493599187,49.888942555818666,1.4710381630941278,1.626625156321152,51.47103816309413,51.626625156321154,51.548831659707645
110,200303.IB,1250000000.0,33,2100958705.8823528,12850756116.523327,-0.06621857096705787,-0.06634879443790853,-0.04430499309061003,70,70,69.93365120556209,69.9556950069094,69.94467310623574,-0.9762328477129051,-0.3554992602737575,69.02376715228709,69.64450073972624,69.33413394600666
111,220306.IB,400000000.0,23,2100958705.8823528,12850756116.523327,-0.13236253886222954,-0.13262283909175007,-0.09483170703562595,50,50,49.86737716090825,49.905168292964376,49.88627272693631,0.17661400072319206,2.370533952901342,50.17661400072319,52.37053395290134,51.273573976812266
112,220310.IB,220000000.0,6,2100958705.8823528,12850756116.523327,-0.14636949676944236,-0.14665734266550473,-0.180727120742153,50,50,49.853342657334494,49.819272879257845,49.836307768296166,-0.4170072711921416,-0.158755955471303,49.58299272880786,49.8412440445287,49.71211838666828
113,170210.IB,350000000.0,7,2100958705.8823528,12850756116.523327,-0.136253360503122,-0.1365213123066819,-0.17567444934765142,50,50,49.863478687693316,49.82432555065235,49.84390211917283,0.011719202968932712,-0.00997419615526507,50.01171920296893,49.99002580384474,50.00087250340684
114,220207.IB,680000000.0,26,2100958705.8823528,12850756116.523327,-0.11057393767323181,-0.11079138908813167,-0.07967369285212117,50,70,49.889208610911865,69.92032630714787,59.90476745902987,1.1000248681470444,-1.2945539100534948,51.100024868147045,68.7054460899465,59.902735479046775
115,220303.IB,700000000.0,12,2100958705.8823528,12850756116.523327,-0.10901760901687484,-0.10923199980215893,-0.15041109237514347,50,50,49.89076800019784,49.849588907624856,49.87017845391135,1.165982787248748,0.7339346004249246,51.16598278724875,50.733934600424924,50.949958693836834
116,180024.IB,511000000.0,6,2100958705.8823528,12850756116.523327,-0.12372491481944829,-0.12396822855460134,-0.180727120742153,50,50,49.8760317714454,49.819272879257845,49.84765232535162,0.5426804517376478,-0.158755955471303,50.542680451737645,49.8412440445287,50.19196224813317
117,160207.IB,660000000.0,27,2100958705.8823528,12850756116.523327,-0.11213026632958879,-0.11235077837410441,-0.07462102145761958,50,70,49.88764922162589,69.92537897854238,59.90651410008414,1.0340669490453407,-1.1604032457992466,51.03406694904534,68.83959675420076,59.93683185162305
118,200013.IB,5012670000.0,11,2100958705.8823528,12850756116.523327,0.22657898630367815,0.2270245697946443,-0.15546376376964505,85,50,85.22702456979465,49.844536236230354,67.5357804030125,1.4674681118124933,0.5851528411088867,86.4674681118125,50.585152841108886,68.5263104764607
119,190210.IB,370000000.0,5,2100958705.8823528,12850756116.523327,-0.13469703184676501,-0.13496192302070917,-0.1857797921366546,50,50,49.86503807697929,49.81422020786334,49.839629142421316,0.07767712207063646,-0.30753771478734093,50.07767712207064,49.692462285212656,49.88506970364165
120,200009.IB,4150000000.0,8,2100958705.8823528,12850756116.523327,0.15944908420470433,0.15976265202813905,-0.1706217779531498,85,50,85.15976265202814,49.82937822204685,67.4945704370375,0.5701391069453441,0.13880756316077286,85.57013910694535,50.138807563160775,67.85447333505306
121,210305.IB,303100000.0,24,2100958705.8823528,12850756116.523327,-0.1399029512022791,-0.140178080182288,-0.08977903564112436,50,50,49.85982191981771,49.91022096435888,49.885021442088295,-0.14295211732456256,2.51931571221738,49.85704788267544,52.51931571221738,51.188181797446404
122,220214.IB,690000000.0,9,2100958705.8823528,12850756116.523327,-0.10979577334505332,-0.1100116944451453,-0.16556910655864823,50,50,49.88998830555485,49.83443089344135,49.8622095994981,1.1330038276978962,0.2875893224768108,51.1330038276979,50.28758932247681,50.710296575087355
123,210008.IB,1360000000.0,3,2100958705.8823528,12850756116.523327,-0.05765876335709447,-0.05777215336505845,-0.1958851349256578,70,50,69.94222784663494,49.80411486507434,59.87317135585464,-0.5593926136006128,-0.6051012334194168,69.44060738639939,49.39489876658058,59.41775307648999
124,200407.IB,1080000000.0,26,2100958705.8823528,12850756116.523327,-0.0794473645460922,-0.07960360336867683,-0.07967369285212117,50,70,49.920396396631325,69.92032630714787,59.920361351889596,2.419183250181119,-1.2945539100534948,52.41918325018112,68.7054460899465,60.56231467006381
125,239903.IB,160000000.0,23,2100958705.8823528,12850756116.523327,-0.1510384827385133,-0.15133551052342295,-0.09483170703562595,50,50,49.848664489476576,49.905168292964376,49.876916391220476,-0.6148810284972528,2.370533952901342,49.38511897150275,52.37053395290134,50.877826462202044
126,210322.IB,520000000.0,23,2100958705.8823528,12850756116.523327,-0.12302456692408766,-0.1232665033759136,-0.09483170703562595,50,50,49.876733496624084,49.905168292964376,49.89095089479423,0.5723615153334145,2.370533952901342,50.57236151533341,52.37053395290134,51.471447734117376
127,220002.IB,260100000.0,15,2100958705.8823528,12850756116.523327,-0.14324905781344663,-0.1435307671471294,-0.13525307819163868,50,50,49.856469232852874,49.86474692180836,49.86060807733062,-0.28476164339322557,1.1802798783730384,49.715238356606775,51.180279878373035,50.44775911748991
128,170005.IB,80000000.0,7,2100958705.8823528,12850756116.523327,-0.15726379736394122,-0.15757306766731394,-0.17567444934765142,50,50,49.842426932332685,49.82432555065235,49.833376241492516,-0.8787127049040677,-0.00997419615526507,49.12128729509593,49.99002580384474,49.555656549470335
129,220009.IB,93000000.0,0,2100958705.8823528,12850756116.523327,-0.1562521837373092,-0.15655946463143164,-0.21104314910916255,50,50,49.84344053536857,49.788956850890834,49.81619869312971,-0.8358400574879603,-1.0514465113675306,49.16415994251204,48.94855348863247,49.05635671557226
130,160408.IB,180000000.0,5,2100958705.8823528,12850756116.523327,-0.14948215408215632,-0.1497761212374502,-0.1857797921366546,50,50,49.85022387876255,49.81422020786334,49.832222043312946,-0.5489231093955491,-0.30753771478734093,49.45107689060445,49.692462285212656,49.57176958790855
131,210017.IB,428150000.0,7,2100958705.8823528,12850756116.523327,-0.13017200627840708,-0.13042799867174343,-0.17567444934765142,50,50,49.86957200132826,49.82432555065235,49.8469487759903,0.26944977185884006,-0.00997419615526507,50.26944977185884,49.99002580384474,50.12973778785179
132,229968.IB,690000000.0,4,2100958705.8823528,12850756116.523327,-0.10979577334505332,-0.1100116944451453,-0.19083246353115618,50,50,49.88998830555485,49.80916753646884,49.84957792101184,1.1330038276978962,-0.45631947410337886,51.1330038276979,49.54368052589662,50.338342176797255
133,200208.IB,440000000.0,22,2100958705.8823528,12850756116.523327,-0.12924988154951558,-0.12950406051980456,-0.09988437843012754,50,50,49.87049593948019,49.900115621569874,49.88530578052503,0.3085298389265995,2.2217521935853037,50.3085298389266,52.2217521935853,51.26514101625595
134,150308.IB,2750000000.0,17,2100958705.8823528,12850756116.523327,0.05050607825971568,0.05060540201004711,-0.1251477354026355,85,50,85.05060540201005,49.874852264597365,67.46272883330371,-0.8861079015445869,1.4778433970051141,84.11389209845541,51.47784339700512,67.79586774773026
135,160418.IB,210000000.0,15,2100958705.8823528,12850756116.523327,-0.14714766109762087,-0.14743703730849111,-0.13525307819163868,50,50,49.85256296269151,49.86474692180836,49.858654942249935,-0.44998623074299343,1.1802798783730384,49.550013769257006,51.180279878373035,50.365146823815024
136,160405.IB,210000000.0,10,2100958705.8823528,12850756116.523327,-0.14714766109762087,-0.14743703730849111,-0.16051643516414663,50,50,49.85256296269151,49.83948356483585,49.84602326376368,-0.44998623074299343,0.4363710817928487,49.550013769257006,50.43637108179285,49.993192425524924
137,160213.IB,340000000.0,12,2100958705.8823528,12850756116.523327,-0.1370315248313005,-0.1373010069496683,-0.15041109237514347,50,50,49.86269899305033,49.849588907624856,49.8561439503376,-0.021259756581919156,0.7339346004249246,49.97874024341808,50.733934600424924,50.3563374219215
138,190015.IB,350100000.0,11,2100958705.8823528,12850756116.523327,-0.1362455788598402,-0.13651351536025205,-0.15546376376964505,50,50,49.86348648463975,49.844536236230354,49.85401136043505,0.01204899256444123,0.5851528411088867,50.01204899256444,50.585152841108886,50.29860091683666
139,190016.IB,130000000.0,1,2100958705.8823528,12850756116.523327,-0.15337297572304878,-0.15367459445238207,-0.20599047771466097,50,50,49.84632540554762,49.794009522285336,49.820167463916476,-0.7138179071498084,-0.9026647520514927,49.28618209285019,49.09733524794851,49.19175867039935
140,190311.IB,130000000.0,3,2100958705.8823528,12850756116.523327,-0.15337297572304878,-0.15367459445238207,-0.1958851349256578,50,50,49.84632540554762,49.80411486507434,49.82522013531098,-0.7138179071498084,-0.6051012334194168,49.28618209285019,49.39489876658058,49.34054042971539
141,190401.IB,500000000.0,0,2100958705.8823528,12850756116.523327,-0.12458089558044463,-0.12482589266188635,-0.21104314910916255,50,50,49.87517410733811,49.788956850890834,49.832065479114476,0.5064035962317107,-1.0514465113675306,50.50640359623171,48.94855348863247,49.727478542432095
142,190404.IB,80000000.0,1,2100958705.8823528,12850756116.523327,-0.15726379736394122,-0.15757306766731394,-0.20599047771466097,50,50,49.842426932332685,49.794009522285336,49.81821822730901,-0.8787127049040677,-0.9026647520514927,49.12128729509593,49.09733524794851,49.109311271522216
143,200408.IB,120000000.0,3,2100958705.8823528,12850756116.523327,-0.15415114005122726,-0.15445428909536846,-0.1958851349256578,50,50,49.84554571090463,49.80411486507434,49.824830287989485,-0.7467968667006603,-0.6051012334194168,49.25320313329934,49.39489876658058,49.32405094993996
144,200219.IB,170000000.0,1,2100958705.8823528,12850756116.523327,-0.15026031841033483,-0.1505558158804366,-0.20599047771466097,50,50,49.84944418411956,49.794009522285336,49.82172685320245,-0.581902068946401,-0.9026647520514927,49.4180979310536,49.09733524794851,49.25771658950106
145,200012.IB,609800000.0,13,2100958705.8823528,12850756116.523327,-0.11603665125704482,-0.116264845481896,-0.14535842098064186,50,50,49.88373515451811,49.85464157901936,49.86918836676873,0.8685125721000643,0.8827163597409625,50.868512572100066,50.88271635974096,50.87561446592051
146,200007.IB,281000000.0,0,2100958705.8823528,12850756116.523327,-0.14162269436755356,-0.14190120534328787,-0.21104314910916255,50,50,49.85809879465671,49.788956850890834,49.82352782277377,-0.2158356179319452,-1.0514465113675306,49.784164382068056,48.94855348863247,49.36635893535026
147,2000004.IB,250000000.0,9,2100958705.8823528,12850756116.523327,-0.14403500378490688,-0.14431825873654563,-0.16556910655864823,50,50,49.85568174126345,49.83443089344135,49.8450563173524,-0.31807039253958597,0.2875893224768108,49.68192960746041,50.28758932247681,49.98475946496861
148,210409.IB,450000000.0,18,2100958705.8823528,12850756116.523327,-0.1284717172213371,-0.1287243658768182,-0.1200950640081339,50,50,49.87127563412318,49.87990493599187,49.87559028505753,0.3415087984774514,1.626625156321152,50.34150879847745,51.626625156321154,50.9840669773993
149,210316.IB,250000000.0,0,2100958705.8823528,12850756116.523327,-0.14403500378490688,-0.14431825873654563,-0.21104314910916255,50,50,49.85568174126345,49.788956850890834,49.82231929607714,-0.31807039253958597,-1.0514465113675306,49.68192960746041,48.94855348863247,49.315241548046444
150,210310.IB,170000000.0,2,2100958705.8823528,12850756116.523327,-0.15026031841033483,-0.1505558158804366,-0.20093780632015937,50,50,49.84944418411956,49.79906219367984,49.824253188899704,-0.581902068946401,-0.7538829927354548,49.4180979310536,49.246117007264544,49.33210746915907
151,210220.IB,210000000.0,0,2100958705.8823528,12850756116.523327,-0.14714766109762087,-0.14743703730849111,-0.21104314910916255,50,50,49.85256296269151,49.788956850890834,49.82075990679117,-0.44998623074299343,-1.0514465113675306,49.550013769257006,48.94855348863247,49.24928362894474
152,210204.IB,40000000.0,8,2100958705.8823528,12850756116.523327,-0.1603764546766552,-0.16069184623925942,-0.1706217779531498,50,50,49.83930815376074,49.82937822204685,49.8343431879038,-1.0106285431074753,0.13880756316077286,48.98937145689253,50.138807563160775,49.56408951002665
153,210015.IB,780000000.0,9,2100958705.8823528,12850756116.523327,-0.10279229439144691,-0.10299444265826796,-0.16556910655864823,50,50,49.897005557341735,49.83443089344135,49.86571822539155,1.429814463655563,0.2875893224768108,51.42981446365556,50.28758932247681,50.85870189306618
154,210004.IB,490100000.0,3,2100958705.8823528,12850756116.523327,-0.12535127826534134,-0.12559779035844285,-0.1958851349256578,50,50,49.87440220964156,49.80411486507434,49.83925853735795,0.4737544262763674,-0.6051012334194168,50.473754426276365,49.39489876658058,49.93432659642848
155,180206.IB,120000000.0,7,2100958705.8823528,12850756116.523327,-0.15415114005122726,-0.15445428909536846,-0.17567444934765142,50,50,49.84554571090463,49.82432555065235,49.83493563077849,-0.7467968667006603,-0.00997419615526507,49.25320313329934,49.99002580384474,49.621614468572034
156,180217.IB,180000000.0,4,2100958705.8823528,12850756116.523327,-0.14948215408215632,-0.1497761212374502,-0.19083246353115618,50,50,49.85022387876255,49.80916753646884,49.8296957076157,-0.5489231093955491,-0.45631947410337886,49.45107689060445,49.54368052589662,49.49737870825054
157,180310.IB,107000000.0,2,2100958705.8823528,12850756116.523327,-0.1551627536778593,-0.15546789213125073,-0.20093780632015937,50,50,49.84453210786875,49.79906219367984,49.821797150774294,-0.7896695141167677,-0.7538829927354548,49.21033048588323,49.246117007264544,49.22822374657389
158,180321.IB,400000000.0,1,2100958705.8823528,12850756116.523327,-0.13236253886222954,-0.13262283909175007,-0.20599047771466097,50,50,49.86737716090825,49.794009522285336,49.83069334159679,0.17661400072319206,-0.9026647520514927,50.17661400072319,49.09733524794851,49.63697462433585
159,229974.IB,660000000.0,6,2100958705.8823528,12850756116.523327,-0.11213026632958879,-0.11235077837410441,-0.180727120742153,50,50,49.88764922162589,49.819272879257845,49.853461050441865,1.0340669490453407,-0.158755955471303,51.03406694904534,49.8412440445287,50.437655496787016
160,220204.IB,30000000.0,0,2100958705.8823528,12850756116.523327,-0.1611546190048337,-0.16147154088224577,-0.21104314910916255,50,50,49.838528459117754,49.788956850890834,49.81374265500429,-1.0436075026583271,-1.0514465113675306,48.956392497341675,48.94855348863247,48.95247299298707
161,220302.IB,520000000.0,9,2100958705.8823528,12850756116.523327,-0.12302456692408766,-0.1232665033759136,-0.16556910655864823,50,50,49.876733496624084,49.83443089344135,49.85558219503272,0.5723615153334145,0.2875893224768108,50.57236151533341,50.28758932247681,50.429975418905116
162,220405.IB,350000000.0,0,2100958705.8823528,12850756116.523327,-0.136253360503122,-0.1365213123066819,-0.21104314910916255,50,50,49.863478687693316,49.788956850890834,49.82621776929207,0.011719202968932712,-1.0514465113675306,50.01171920296893,48.94855348863247,49.4801363458007
163,220014.IB,70000000.0,0,2100958705.8823528,12850756116.523327,-0.15804196169211973,-0.1583527623103003,-0.21104314910916255,50,50,49.8416472376897,49.788956850890834,49.81530204429026,-0.9116916644549197,-1.0514465113675306,49.08830833554508,48.94855348863247,49.018430912088775
164,220007.IB,201930000.0,5,2100958705.8823528,12850756116.523327,-0.1477756397104609,-0.1480662508853811,-0.1857797921366546,50,50,49.85193374911462,49.81422020786334,49.83307697848898,-0.4766002511005309,-0.30753771478734093,49.52339974889947,49.692462285212656,49.60793101705606
165,239904.IB,460000000.0,1,2100958705.8823528,12850756116.523327,-0.1276935528931586,-0.12794467123383182,-0.20599047771466097,50,50,49.872055328766166,49.794009522285336,49.83303242552575,0.37448775802830325,-0.9026647520514927,50.3744877580283,49.09733524794851,49.7359115029884
166,2303663.IB,380000000.0,10,2100958705.8823528,12850756116.523327,-0.13391886751858653,-0.1341822283777228,-0.16051643516414663,50,50,49.865817771622275,49.83948356483585,49.85265066822906,0.11065608162148832,0.4363710817928487,50.110656081621485,50.43637108179285,50.273513581707164
167,190013.IB,420000000.0,6,2100958705.8823528,12850756116.523327,-0.13080621020587255,-0.1310634498057773,-0.180727120742153,50,50,49.86893655019422,49.819272879257845,49.84410471472603,0.2425719198248958,-0.158755955471303,50.2425719198249,49.8412440445287,50.041907982176795
168,190209.IB,150000000.0,13,2100958705.8823528,12850756116.523327,-0.1518166470666918,-0.15211520516640933,-0.14535842098064186,50,50,49.84788479483359,49.85464157901936,49.851263186926474,-0.6478599880481046,0.8827163597409625,49.352140011951896,50.88271635974096,50.11742818584643
169,190010.IB,200590000.0,2,2100958705.8823528,12850756116.523327,-0.14787991373043682,-0.14817072996754127,-0.20093780632015937,50,50,49.85182927003246,49.79906219367984,49.82544573185615,-0.48101943168034506,-0.7538829927354548,49.518980568319655,49.246117007264544,49.3825487877921
170,190007.IB,420000000.0,7,2100958705.8823528,12850756116.523327,-0.13080621020587255,-0.1310634498057773,-0.17567444934765142,50,50,49.86893655019422,49.82432555065235,49.846631050423284,0.2425719198248958,-0.00997419615526507,50.2425719198249,49.99002580384474,50.11629886183482
171,160014.IB,1100000000.0,0,2100958705.8823528,12850756116.523327,-0.07789103588973521,-0.0780442140827041,-0.21104314910916255,50,50,49.9219557859173,49.788956850890834,49.855456318404066,2.485141169282823,-1.0514465113675306,52.48514116928283,48.94855348863247,50.71684732895765
172,130011.IB,1370000000.0,0,2100958705.8823528,12850756116.523327,-0.05688059902891598,-0.05699245872207208,-0.21104314910916255,70,50,69.94300754127792,49.788956850890834,59.865982196084374,-0.5214980468631316,-1.0514465113675306,69.47850195313687,48.94855348863247,59.21352772088467
173,150319.IB,40000000.0,7,2100958705.8823528,12850756116.523327,-0.1603764546766552,-0.16069184623925942,-0.17567444934765142,50,50,49.83930815376074,49.82432555065235,49.83181685220654,-1.0106285431074753,-0.00997419615526507,48.98937145689253,49.99002580384474,49.489698630368636
174,180027.IB,87370000.0,3,2100958705.8823528,12850756116.523327,-0.1566902902540737,-0.15699843271543298,-0.1958851349256578,50,50,49.84300156728457,49.80411486507434,49.82355821617945,-0.8544072117150899,-0.6051012334194168,49.14559278828491,49.39489876658058,49.27024577743275
175,180028.IB,470000000.0,10,2100958705.8823528,12850756116.523327,-0.1269153885649801,-0.12716497659084547,-0.16051643516414663,50,50,49.87283502340915,49.83948356483585,49.856159294122506,0.40746671757915515,0.4363710817928487,50.407466717579155,50.43637108179285,50.421918899686005
176,180408.IB,450000000.0,9,2100958705.8823528,12850756116.523327,-0.1284717172213371,-0.1287243658768182,-0.16556910655864823,50,50,49.87127563412318,49.83443089344135,49.852853263782265,0.3415087984774514,0.2875893224768108,50.34150879847745,50.28758932247681,50.314549060477134
177,210313.IB,316000000.0,3,2100958705.8823528,12850756116.523327,-0.13889911921892886,-0.13917227409283559,-0.1958851349256578,50,50,49.860827725907164,49.80411486507434,49.83247129549075,-0.10040925950396365,-0.6051012334194168,49.89959074049604,49.39489876658058,49.64724475353831
178,220018.IB,220400000.0,6,2100958705.8823528,12850756116.523327,-0.14633837019631524,-0.14662615487978528,-0.180727120742153,50,50,49.85337384512022,49.819272879257845,49.836323362189034,-0.41568811281010754,-0.158755955471303,49.58431188718989,49.8412440445287,49.712777965859296
179,220217.IB,160000000.0,7,2100958705.8823528,12850756116.523327,-0.1510384827385133,-0.15133551052342295,-0.17567444934765142,50,50,49.848664489476576,49.82432555065235,49.83649502006446,-0.6148810284972528,-0.00997419615526507,49.38511897150275,49.99002580384474,49.68757238767374
180,229957.IB,350000000.0,4,2100958705.8823528,12850756116.523327,-0.136253360503122,-0.1365213123066819,-0.19083246353115618,50,50,49.863478687693316,49.80916753646884,49.836323112081075,0.011719202968932712,-0.45631947410337886,50.01171920296893,49.54368052589662,49.777699864432776
181,229976.IB,550000000.0,13,2100958705.8823528,12850756116.523327,-0.12069007393955218,-0.1209274194469545,-0.14535842098064186,50,50,49.87907258055304,49.85464157901936,49.8668570797862,0.6712983939859701,0.8827163597409625,50.67129839398597,50.88271635974096,50.777007376863466
182,229966.IB,90000000.0,4,2100958705.8823528,12850756116.523327,-0.15648563303576274,-0.15679337302432755,-0.19083246353115618,50,50,49.84320662697567,49.80916753646884,49.82618708172225,-0.8457337453532159,-0.45631947410337886,49.154266254646785,49.54368052589662,49.3489733902717
183,220305.IB,480000000.0,1,2100958705.8823528,12850756116.523327,-0.12613722423680163,-0.12638528194785908,-0.20599047771466097,50,50,49.87361471805214,49.794009522285336,49.83381212016874,0.440445677130007,-0.9026647520514927,50.44044567713001,49.09733524794851,49.76889046253926
184,220403.IB,176500000.0,4,2100958705.8823528,12850756116.523327,-0.1497545115970188,-0.15004901436249546,-0.19083246353115618,50,50,49.849950985637506,49.80916753646884,49.82955926105318,-0.5604657452383472,-0.45631947410337886,49.439534254761654,49.54368052589662,49.491607390329136
185,220313.IB,80000000.0,6,2100958705.8823528,12850756116.523327,-0.15726379736394122,-0.15757306766731394,-0.180727120742153,50,50,49.842426932332685,49.819272879257845,49.83084990579526,-0.8787127049040677,-0.158755955471303,49.12128729509593,49.8412440445287,49.481265669812316
186,220312.IB,140000000.0,28,2100958705.8823528,12850756116.523327,-0.1525948113948703,-0.15289489980939572,-0.06956835006311798,50,70,49.8471051001906,69.93043164993688,59.88876837506374,-0.6808389475989566,-1.0262525815449985,49.31916105240104,68.973747418455,59.146454235428024
187,210403.IB,180000000.0,10,2100958705.8823528,12850756116.523327,-0.14948215408215632,-0.1497761212374502,-0.16051643516414663,50,50,49.85022387876255,49.83948356483585,49.8448537217992,-0.5489231093955491,0.4363710817928487,49.45107689060445,50.43637108179285,49.94372398619865
188,200005.IB,256340000.0,3,2100958705.8823528,12850756116.523327,-0.14354164760084173,-0.14382393233289226,-0.1958851349256578,50,50,49.85617606766711,49.80411486507434,49.83014546637072,-0.2971617321843459,-0.6051012334194168,49.70283826781566,49.39489876658058,49.548868517198116
189,092218003.IB,539000000.0,5,2100958705.8823528,12850756116.523327,-0.12154605470054852,-0.1217850835542395,-0.1857797921366546,50,50,49.87821491644576,49.81422020786334,49.84621756215455,0.6350215384800331,-0.30753771478734093,50.63502153848003,49.692462285212656,50.163741911846344
190,200004.IB,302200000.0,19,2100958705.8823528,12850756116.523327,-0.13997298599181518,-0.14024825270015676,-0.1150423926136323,50,50,49.859751747299846,49.88495760738637,49.87235467734311,-0.14592022368413923,1.77540691563719,49.854079776315864,51.77540691563719,50.814743345976524
191,092118004.IB,155000000.0,0,2100958705.8823528,12850756116.523327,-0.15142756490260256,-0.15172535784491614,-0.21104314910916255,50,50,49.84827464215508,49.788956850890834,49.81861574652296,-0.6313705082726787,-1.0514465113675306,49.36862949172732,48.94855348863247,49.158591490179894
192,200008.IB,269000000.0,18,2100958705.8823528,12850756116.523327,-0.14255649156136777,-0.1428368389148715,-0.1200950640081339,50,50,49.857163161085126,49.87990493599187,49.86853404853849,-0.2554103693929674,1.626625156321152,49.74458963060703,51.626625156321154,50.685607393464096
193,200315.IB,200000000.0,7,2100958705.8823528,12850756116.523327,-0.14792582542579935,-0.14821673195147747,-0.17567444934765142,50,50,49.85178326804852,49.82432555065235,49.838054409350434,-0.4829651902938453,-0.00997419615526507,49.51703480970615,49.99002580384474,49.753530306775446
194,200205.IB,250000000.0,6,2100958705.8823528,12850756116.523327,-0.14403500378490688,-0.14431825873654563,-0.180727120742153,50,50,49.85568174126345,49.819272879257845,49.83747731026065,-0.31807039253958597,-0.158755955471303,49.68192960746041,49.8412440445287,49.761586825994556
195,200405.IB,40000000.0,5,2100958705.8823528,12850756116.523327,-0.1603764546766552,-0.16069184623925942,-0.1857797921366546,50,50,49.83930815376074,49.81422020786334,49.82676418081204,-1.0106285431074753,-0.30753771478734093,48.98937145689253,49.692462285212656,49.34091687105259
196,092118003.IB,103000000.0,4,2100958705.8823528,12850756116.523327,-0.1554740194091307,-0.15577976998844528,-0.19083246353115618,50,50,49.84422023001156,49.80916753646884,49.826693883240196,-0.8028610979371085,-0.45631947410337886,49.19713890206289,49.54368052589662,49.370409713979754
197,092118002.IB,207000000.0,3,2100958705.8823528,12850756116.523327,-0.1473811103960744,-0.14767094570138703,-0.1958851349256578,50,50,49.852329054298615,49.80411486507434,49.82822195968647,-0.459879918608249,-0.6051012334194168,49.54012008139175,49.39489876658058,49.467509423986165
198,190310.IB,550500000.0,2,2100958705.8823528,12850756116.523327,-0.12065116572314326,-0.12088843471480518,-0.20093780632015937,50,50,49.87911156528519,49.79906219367984,49.839086879482515,0.6729473419635127,-0.7538829927354548,50.672947341963514,49.246117007264544,49.959532174614026
199,2000003.IB,50000000.0,3,2100958705.8823528,12850756116.523327,-0.1595982903484767,-0.15991215159627303,-0.1958851349256578,50,50,49.840087848403726,49.80411486507434,49.82210135673903,-0.9776495835566233,-0.6051012334194168,49.02235041644337,49.39489876658058,49.20862459151198
200,229975.IB,100000000.0,3,2100958705.8823528,12850756116.523327,-0.15570746870758426,-0.1560136783813412,-0.1958851349256578,50,50,49.84398632161866,49.80411486507434,49.8240505933465,-0.812754785802364,-0.6051012334194168,49.18724521419764,49.39489876658058,49.29107199038911
201,229971.IB,550000000.0,7,2100958705.8823528,12850756116.523327,-0.12069007393955218,-0.1209274194469545,-0.17567444934765142,50,50,49.87907258055304,49.82432555065235,49.851699065602695,0.6712983939859701,-0.00997419615526507,50.67129839398597,49.99002580384474,50.330662098915354
202,239901.IB,240000000.0,4,2100958705.8823528,12850756116.523327,-0.1448131681130854,-0.145097953379532,-0.19083246353115618,50,50,49.85490204662047,49.80916753646884,49.83203479154466,-0.35104935209043786,-0.45631947410337886,49.648950647909565,49.54368052589662,49.59631558690309
203,229953.IB,100000000.0,2,2100958705.8823528,12850756116.523327,-0.15570746870758426,-0.1560136783813412,-0.20093780632015937,50,50,49.84398632161866,49.79906219367984,49.821524257649244,-0.812754785802364,-0.7538829927354548,49.18724521419764,49.246117007264544,49.21668111073109
204,200402.IB,112000000.0,13,2100958705.8823528,12850756116.523327,-0.15477367151377006,-0.15507804480975754,-0.14535842098064186,50,50,49.844921955190244,49.85464157901936,49.8497817671048,-0.7731800343413417,0.8827163597409625,49.226819965658656,50.88271635974096,50.05476816269981
205,200210.IB,130000000.0,7,2100958705.8823528,12850756116.523327,-0.15337297572304878,-0.15367459445238207,-0.17567444934765142,50,50,49.84632540554762,49.82432555065235,49.83532547809998,-0.7138179071498084,-0.00997419615526507,49.28618209285019,49.99002580384474,49.638103948347464
206,200310.IB,548000000.0,6,2100958705.8823528,12850756116.523327,-0.12084570680518789,-0.12108335837555177,-0.180727120742153,50,50,49.87891664162445,49.819272879257845,49.84909476044115,0.6647026020757997,-0.158755955471303,50.6647026020758,49.8412440445287,50.25297332330225
207,160017.IB,10000000.0,0,2100958705.8823528,12850756116.523327,-0.16271094766119065,-0.1630309301682185,-0.21104314910916255,50,50,49.83696906983178,49.788956850890834,49.812962960361304,-1.1095654217600308,-1.0514465113675306,48.89043457823997,48.94855348863247,48.91949403343622
208,160303.IB,10000000.0,6,2100958705.8823528,12850756116.523327,-0.16271094766119065,-0.1630309301682185,-0.180727120742153,50,50,49.83696906983178,49.819272879257845,49.82812097454482,-1.1095654217600308,-0.158755955471303,48.89043457823997,49.8412440445287,49.365839311384335
209,160310.IB,210000000.0,3,2100958705.8823528,12850756116.523327,-0.14714766109762087,-0.14743703730849111,-0.1958851349256578,50,50,49.85256296269151,49.80411486507434,49.828338913882924,-0.44998623074299343,-0.6051012334194168,49.550013769257006,49.39489876658058,49.472456267918794
210,210002.IB,59500000.0,3,2100958705.8823528,12850756116.523327,-0.15885903423670714,-0.15917144168543598,-0.1958851349256578,50,50,49.84082855831456,49.80411486507434,49.82247171169445,-0.9463195719833141,-0.6051012334194168,49.05368042801668,49.39489876658058,49.224289597298636
211,160023.IB,200000000.0,9,2100958705.8823528,12850756116.523327,-0.14792582542579935,-0.14821673195147747,-0.16556910655864823,50,50,49.85178326804852,49.83443089344135,49.843107080744936,-0.4829651902938453,0.2875893224768108,49.51703480970615,50.28758932247681,49.90231206609148
212,150314.IB,50000000.0,9,2100958705.8823528,12850756116.523327,-0.1595982903484767,-0.15991215159627303,-0.16556910655864823,50,50,49.840087848403726,49.83443089344135,49.83725937092254,-0.9776495835566233,0.2875893224768108,49.02235041644337,50.28758932247681,49.65496986946009
213,170303.IB,70000000.0,1,2100958705.8823528,12850756116.523327,-0.15804196169211973,-0.1583527623103003,-0.20599047771466097,50,50,49.8416472376897,49.794009522285336,49.81782837998752,-0.9116916644549197,-0.9026647520514927,49.08830833554508,49.09733524794851,49.09282179174679
214,170404.IB,30000000.0,0,2100958705.8823528,12850756116.523327,-0.1611546190048337,-0.16147154088224577,-0.21104314910916255,50,50,49.838528459117754,49.788956850890834,49.81374265500429,-1.0436075026583271,-1.0514465113675306,48.956392497341675,48.94855348863247,48.95247299298707
215,210430.IB,120000000.0,0,2100958705.8823528,12850756116.523327,-0.15415114005122726,-0.15445428909536846,-0.21104314910916255,50,50,49.84554571090463,49.788956850890834,49.817251280897736,-0.7467968667006603,-1.0514465113675306,49.25320313329934,48.94855348863247,49.1008783109659
216,210408.IB,60000000.0,10,2100958705.8823528,12850756116.523327,-0.1588201260202982,-0.15913245695328668,-0.16051643516414663,50,50,49.84086754304671,49.83948356483585,49.84017555394128,-0.9446706240057715,0.4363710817928487,49.055329375994226,50.43637108179285,49.74585022889354
217,170020.IB,60100000.0,2,2100958705.8823528,12850756116.523327,-0.15881234437701644,-0.15912466000685682,-0.20093780632015937,50,50,49.84087533999314,49.79906219367984,49.81996876683649,-0.944340834410263,-0.7538829927354548,49.05565916558974,49.246117007264544,49.150888086427145
218,180017.IB,30000000.0,0,2100958705.8823528,12850756116.523327,-0.1611546190048337,-0.16147154088224577,-0.21104314910916255,50,50,49.838528459117754,49.788956850890834,49.81374265500429,-1.0436075026583271,-1.0514465113675306,48.956392497341675,48.94855348863247,48.95247299298707
219,180011.IB,200000000.0,1,2100958705.8823528,12850756116.523327,-0.14792582542579935,-0.14821673195147747,-0.20599047771466097,50,50,49.85178326804852,49.794009522285336,49.82289639516693,-0.4829651902938453,-0.9026647520514927,49.51703480970615,49.09733524794851,49.307185028827334
220,180009.IB,100000000.0,3,2100958705.8823528,12850756116.523327,-0.15570746870758426,-0.1560136783813412,-0.1958851349256578,50,50,49.84398632161866,49.80411486507434,49.8240505933465,-0.812754785802364,-0.6051012334194168,49.18724521419764,49.39489876658058,49.29107199038911
221,180005.IB,100000000.0,1,2100958705.8823528,12850756116.523327,-0.15570746870758426,-0.1560136783813412,-0.20599047771466097,50,50,49.84398632161866,49.794009522285336,49.818997921952,-0.812754785802364,-0.9026647520514927,49.18724521419764,49.09733524794851,49.142290231073076
222,180004.IB,280000000.0,0,2100958705.8823528,12850756116.523327,-0.14170051080037144,-0.1419791748075865,-0.21104314910916255,50,50,49.85802082519241,49.788956850890834,49.82348883804163,-0.21913351388703037,-1.0514465113675306,49.78086648611297,48.94855348863247,49.36470998737272
223,130231.IB,20000000.0,2,2100958705.8823528,12850756116.523327,-0.16193278333301217,-0.16225123552523216,-0.20093780632015937,50,50,49.83774876447477,49.79906219367984,49.8184054790773,-1.076586462209179,-0.7538829927354548,48.92341353779082,49.246117007264544,49.08476527252768
224,220332.IB,50000000.0,2,2100958705.8823528,12850756116.523327,-0.1595982903484767,-0.15991215159627303,-0.20093780632015937,50,50,49.840087848403726,49.79906219367984,49.819575021041786,-0.9776495835566233,-0.7538829927354548,49.02235041644337,49.246117007264544,49.13423371185396
225,220301.IB,190000000.0,7,2100958705.8823528,12850756116.523327,-0.14870398975397783,-0.14899642659446385,-0.17567444934765142,50,50,49.851003573405535,49.82432555065235,49.83766456202894,-0.5159441498446972,-0.00997419615526507,49.4840558501553,49.99002580384474,49.737040827000015
226,220218.IB,40000000.0,4,2100958705.8823528,12850756116.523327,-0.1603764546766552,-0.16069184623925942,-0.19083246353115618,50,50,49.83930815376074,49.80916753646884,49.824237845114794,-1.0106285431074753,-0.45631947410337886,48.98937145689253,49.54368052589662,49.26652599139457
227,2202001QF.IB,100000000.0,3,2100958705.8823528,12850756116.523327,-0.15570746870758426,-0.1560136783813412,-0.1958851349256578,50,50,49.84398632161866,49.80411486507434,49.8240505933465,-0.812754785802364,-0.6051012334194168,49.18724521419764,49.39489876658058,49.29107199038911
228,130018.IB,400000000.0,0,2100958705.8823528,12850756116.523327,-0.13236253886222954,-0.13262283909175007,-0.21104314910916255,50,50,49.86737716090825,49.788956850890834,49.828167005899545,0.17661400072319206,-1.0514465113675306,50.17661400072319,48.94855348863247,49.56258374467783
229,092218002.IB,10000000.0,0,2100958705.8823528,12850756116.523327,-0.16271094766119065,-0.1630309301682185,-0.21104314910916255,50,50,49.83696906983178,49.788956850890834,49.812962960361304,-1.1095654217600308,-1.0514465113675306,48.89043457823997,48.94855348863247,48.91949403343622
230,092202005.IB,900000000.0,3,2100958705.8823528,12850756116.523327,-0.09345432245330502,-0.09363810694243152,-0.1958851349256578,50,50,49.90636189305757,49.80411486507434,49.85523837906595,1.8255619782657853,-0.6051012334194168,51.82556197826578,49.39489876658058,50.61023037242318
231,190408.IB,50000000.0,9,2100958705.8823528,12850756116.523327,-0.1595982903484767,-0.15991215159627303,-0.16556910655864823,50,50,49.840087848403726,49.83443089344135,49.83725937092254,-0.9776495835566233,0.2875893224768108,49.02235041644337,50.28758932247681,49.65496986946009
232,180411.IB,23500000.0,7,2100958705.8823528,12850756116.523327,-0.1616604258181497,-0.16197834240018694,-0.17567444934765142,50,50,49.83802165759981,49.82432555065235,49.83117360412608,-1.0650438263663808,-0.00997419615526507,48.93495617363362,49.99002580384474,49.46249098873918
233,229967.IB,20000000.0,6,2100958705.8823528,12850756116.523327,-0.16193278333301217,-0.16225123552523216,-0.180727120742153,50,50,49.83774876447477,49.819272879257845,49.8285108218663,-1.076586462209179,-0.158755955471303,48.92341353779082,49.8412440445287,49.382328791159765
234,190004.IB,60000000.0,5,2100958705.8823528,12850756116.523327,-0.1588201260202982,-0.15913245695328668,-0.1857797921366546,50,50,49.84086754304671,49.81422020786334,49.82754387545503,-0.9446706240057715,-0.30753771478734093,49.055329375994226,49.692462285212656,49.373895830603445
235,150405.IB,50000000.0,4,2100958705.8823528,12850756116.523327,-0.1595982903484767,-0.15991215159627303,-0.19083246353115618,50,50,49.840087848403726,49.80916753646884,49.82462769243628,-0.9776495835566233,-0.45631947410337886,49.02235041644337,49.54368052589662,49.283015471169996
236,200209.IB,171000000.0,4,2100958705.8823528,12850756116.523327,-0.15018250197751698,-0.15047784641613796,-0.19083246353115618,50,50,49.84952215358386,49.80916753646884,49.829344845026355,-0.5786041729913157,-0.45631947410337886,49.42139582700869,49.54368052589662,49.48253817645265
237,170015.IB,20000000.0,3,2100958705.8823528,12850756116.523327,-0.16193278333301217,-0.16225123552523216,-0.1958851349256578,50,50,49.83774876447477,49.80411486507434,49.82093181477455,-1.076586462209179,-0.6051012334194168,48.92341353779082,49.39489876658058,49.1591561521857
238,160407.IB,20000000.0,3,2100958705.8823528,12850756116.523327,-0.16193278333301217,-0.16225123552523216,-0.1958851349256578,50,50,49.83774876447477,49.80411486507434,49.82093181477455,-1.076586462209179,-0.6051012334194168,48.92341353779082,49.39489876658058,49.1591561521857
239,230213.IB,50000000.0,3,2100958705.8823528,12850756116.523327,-0.1595982903484767,-0.15991215159627303,-0.1958851349256578,50,50,49.840087848403726,49.80411486507434,49.82210135673903,-0.9776495835566233,-0.6051012334194168,49.02235041644337,49.39489876658058,49.20862459151198
240,239902.IB,1400000000.0,2,2100958705.8823528,12850756116.523327,-0.05454610604438051,-0.05465337479311297,-0.20093780632015937,70,50,69.94534662520688,49.79906219367984,59.872204409443356,-0.4078143466506883,-0.7538829927354548,69.59218565334932,49.246117007264544,59.41915133030693
241,2303661.IB,30000000.0,2,2100958705.8823528,12850756116.523327,-0.1611546190048337,-0.16147154088224577,-0.20093780632015937,50,50,49.838528459117754,49.79906219367984,49.8187953263988,-1.0436075026583271,-0.7538829927354548,48.956392497341675,49.246117007264544,49.101254752303106
242,180309.IB,10000000.0,2,2100958705.8823528,12850756116.523327,-0.16271094766119065,-0.1630309301682185,-0.20093780632015937,50,50,49.83696906983178,49.79906219367984,49.81801563175581,-1.1095654217600308,-0.7538829927354548,48.89043457823997,49.246117007264544,49.06827579275226
243,092118101.IB,30000000.0,2,2100958705.8823528,12850756116.523327,-0.1611546190048337,-0.16147154088224577,-0.20093780632015937,50,50,49.838528459117754,49.79906219367984,49.8187953263988,-1.0436075026583271,-0.7538829927354548,48.956392497341675,49.246117007264544,49.101254752303106
244,2102001QF.IB,100000000.0,1,2100958705.8823528,12850756116.523327,-0.15570746870758426,-0.1560136783813412,-0.20599047771466097,50,50,49.84398632161866,49.794009522285336,49.818997921952,-0.812754785802364,-0.9026647520514927,49.18724521419764,49.09733524794851,49.142290231073076
245,210410.IB,10000000.0,0,2100958705.8823528,12850756116.523327,-0.16271094766119065,-0.1630309301682185,-0.21104314910916255,50,50,49.83696906983178,49.788956850890834,49.812962960361304,-1.1095654217600308,-1.0514465113675306,48.89043457823997,48.94855348863247,48.91949403343622
246,220015.IB,1000000.0,0,2100958705.8823528,12850756116.523327,-0.16341129555655132,-0.16373265534690626,-0.21104314910916255,50,50,49.836267344653095,49.788956850890834,49.81261209777196,-1.1392464853557975,-1.0514465113675306,48.8607535146442,48.94855348863247,48.904653501638336
247,210003.IB,10000000.0,0,2100958705.8823528,12850756116.523327,-0.16271094766119065,-0.1630309301682185,-0.21104314910916255,50,50,49.83696906983178,49.788956850890834,49.812962960361304,-1.1095654217600308,-1.0514465113675306,48.89043457823997,48.94855348863247,48.91949403343622
248,170208.IB,28500000.0,0,2100958705.8823528,12850756116.523327,-0.16127134365406046,-0.16158849507869374,-0.21104314910916255,50,50,49.838411504921304,49.788956850890834,49.81368417790607,-1.0485543465909548,-1.0514465113675306,48.951445653409046,48.94855348863247,48.949999571020754
249,180413.IB,128500000.0,0,2100958705.8823528,12850756116.523327,-0.15348970037227555,-0.15379154864883002,-0.21104314910916255,50,50,49.84620845135117,49.788956850890834,49.817582651121,-0.7187647510824362,-1.0514465113675306,49.28123524891756,48.94855348863247,49.11489436877501
250,092018002.IB,30000000.0,0,2100958705.8823528,12850756116.523327,-0.1611546190048337,-0.16147154088224577,-0.21104314910916255,50,50,49.838528459117754,49.788956850890834,49.81374265500429,-1.0436075026583271,-1.0514465113675306,48.956392497341675,48.94855348863247,48.95247299298707
251,2202002QF.IB,50000000.0,0,2100958705.8823528,12850756116.523327,-0.1595982903484767,-0.15991215159627303,-0.21104314910916255,50,50,49.840087848403726,49.788956850890834,49.81452234964728,-0.9776495835566233,-1.0514465113675306,49.02235041644337,48.94855348863247,48.98545195253792
252,160019.IB,10000000.0,0,2100958705.8823528,12850756116.523327,-0.16271094766119065,-0.1630309301682185,-0.21104314910916255,50,50,49.83696906983178,49.788956850890834,49.812962960361304,-1.1095654217600308,-1.0514465113675306,48.89043457823997,48.94855348863247,48.91949403343622
253,229970.IB,50000000.0,0,2100958705.8823528,12850756116.523327,-0.1595982903484767,-0.15991215159627303,-0.21104314910916255,50,50,49.840087848403726,49.788956850890834,49.81452234964728,-0.9776495835566233,-1.0514465113675306,49.02235041644337,48.94855348863247,48.98545195253792
254,140205.IB,1000000000.0,0,2100958705.8823528,12850756116.523327,-0.08567267917152012,-0.08584116051256781,-0.21104314910916255,50,50,49.914158839487435,49.788956850890834,49.851557845189134,2.155351573774304,-1.0514465113675306,52.155351573774304,48.94855348863247,50.55195253120338
